Datum,DAX_Kurs_USD
,DAX
2016-01-04,18.94208526611328
2016-01-05,18.831541061401367
2016-01-06,18.61835289001465
2016-01-07,18.286733627319336
2016-01-08,18.113025665283203
2016-01-11,18.255149841308594
2016-01-12,18.476234436035156
2016-01-13,18.091707229614258
2016-01-14,18.215673446655273
2016-01-15,17.57610511779785
2016-01-19,17.82877540588379
2016-01-20,17.50503921508789
2016-01-21,17.702436447143555
2016-01-22,18.016695022583008
2016-01-25,17.84456443786621
2016-01-26,18.128028869628906
2016-01-27,18.22671890258789
2016-01-28,17.963003158569336
2016-01-29,18.034067153930664
2016-02-01,18.041961669921875
2016-02-02,17.78455924987793
2016-02-03,17.741920471191406
2016-02-04,17.85088539123535
2016-02-05,17.528732299804688
2016-02-08,17.023399353027344
2016-02-09,17.078672409057617
2016-02-10,17.27764320373535
2016-02-11,16.946807861328125
2016-02-12,17.149736404418945
2016-02-16,17.149736404418945
2016-02-17,17.749814987182617
2016-02-18,17.876148223876953
2016-02-19,17.70954704284668
2016-02-22,17.89983367919922
2016-02-23,17.726125717163086
2016-02-24,17.386606216430664
2016-02-25,17.386606216430664
2016-02-26,17.647171020507812
2016-02-29,17.481361389160156
2016-03-01,17.994585037231445
2016-03-02,17.852458953857422
2016-03-03,18.191980361938477
2016-03-04,18.334104537963867
2016-03-07,18.19987678527832
2016-03-08,18.097232818603516
2016-03-09,18.152502059936523
2016-03-10,18.065650939941406
2016-03-11,18.728899002075195
2016-03-14,18.799957275390625
2016-03-15,18.709945678710938
2016-03-16,18.92629623413086
2016-03-17,19.021039962768555
2016-03-18,18.9918270111084
2016-03-21,18.94208526611328
2016-03-22,18.94208526611328
2016-03-23,19.02657127380371
2016-03-24,18.673625946044922
2016-03-28,18.70520782470703
2016-03-29,18.75021743774414
2016-03-30,19.29739761352539
2016-03-31,19.18685531616211
2016-04-01,18.94208526611328
2016-04-04,18.953140258789062
2016-04-05,18.366477966308594
2016-04-06,18.626249313354492
2016-04-07,18.476234436035156
2016-04-08,18.602563858032227
2016-04-11,18.744686126708984
2016-04-12,18.594667434692383
2016-04-13,19.1315860748291
2016-04-14,19.226333618164062
2016-04-15,19.1315860748291
2016-04-18,19.384248733520508
2016-04-19,19.857999801635742
2016-04-20,19.944856643676758
2016-04-21,19.86590003967285
2016-04-22,19.676395416259766
2016-04-25,19.621126174926758
2016-04-26,19.59743881225586
2016-04-27,19.660600662231445
2016-04-28,19.660600662231445
2016-04-29,19.48847198486328
2016-05-02,19.72376823425293
2016-05-03,19.376352310180664
2016-05-04,19.057361602783203
2016-05-05,18.90260887145996
2016-05-06,19.06842041015625
2016-05-09,19.139482498168945
2016-05-10,19.29739761352539
2016-05-11,19.234235763549805
2016-05-12,18.962614059448242
2016-05-13,18.8078556060791
2016-05-16,18.878915786743164
2016-05-17,18.728899002075195
2016-05-18,18.728899002075195
2016-05-19,18.4722843170166
2016-05-20,18.665729522705078
2016-05-23,18.586774826049805
2016-05-24,18.925508499145508
2016-05-25,19.156064987182617
2016-05-26,19.317138671875
2016-05-27,19.26581382751465
2016-05-31,19.194753646850586
2016-06-01,19.194753646850586
2016-06-02,19.194753646850586
2016-06-03,19.194753646850586
2016-06-06,19.37319564819336
2016-06-07,19.621126174926758
2016-06-08,19.6527099609375
2016-06-09,19.225543975830078
2016-06-10,18.520444869995117
2016-06-13,18.286733627319336
2016-06-14,18.026168823242188
2016-06-15,18.144607543945312
2016-06-16,18.23145866394043
2016-06-17,18.4217472076416
2016-06-20,18.89628791809082
2016-06-21,19.147375106811523
2016-06-22,19.145788192749023
2016-06-23,19.78795051574707
2016-06-24,17.78843879699707
2016-06-27,17.288360595703125
2016-06-28,17.80431365966797
2016-06-29,17.947193145751953
2016-06-30,18.190086364746094
2016-07-01,18.2686710357666
2016-07-05,17.66461181640625
2016-07-06,17.613805770874023
2016-07-07,17.47886848449707
2016-07-08,17.899564743041992
2016-07-11,18.235336303710938
2016-07-12,18.494897842407227
2016-07-13,18.525060653686523
2016-07-14,18.836219787597656
2016-07-15,18.701276779174805
2016-07-18,18.71714973449707
2016-07-19,18.46314239501953
2016-07-20,18.748905181884766
2016-07-21,18.748905181884766
2016-07-22,18.7250919342041
2016-07-25,18.80446434020996
2016-07-26,18.95925521850586
2016-07-27,19.153722763061523
2016-07-28,19.217226028442383
2016-07-29,19.383922576904297
2016-08-01,19.304540634155273
2016-08-02,19.121978759765625
2016-08-03,19.11641502380371
2016-08-04,19.114038467407227
2016-08-05,19.311687469482422
2016-08-08,19.383922576904297
2016-08-09,19.894315719604492
2016-08-10,19.96337127685547
2016-08-11,20.05068588256836
2016-08-12,20.034812927246094
2016-08-15,20.13006591796875
2016-08-16,20.177690505981445
2016-08-17,20.070531845092773
2016-08-18,20.169755935668945
2016-08-19,20.04274559020996
2016-08-22,20.04274559020996
2016-08-23,20.114192962646484
2016-08-24,20.034812927246094
2016-08-25,19.893524169921875
2016-08-26,19.69348907470703
2016-08-29,19.812557220458984
2016-08-30,19.899871826171875
2016-08-31,19.828433990478516
2016-09-01,19.852245330810547
2016-09-02,19.995126724243164
2016-09-06,20.16181755065918
2016-09-07,20.26421546936035
2016-09-08,20.155466079711914
2016-09-09,19.76493263244629
2016-09-12,19.685550689697266
2016-09-13,19.563310623168945
2016-09-14,19.645862579345703
2016-09-15,19.67761993408203
2016-09-16,19.22516441345215
2016-09-19,19.383922576904297
2016-09-20,19.508544921875
2016-09-21,19.71730613708496
2016-09-22,20.061006546020508
2016-09-23,19.96337127685547
2016-09-26,19.606176376342773
2016-09-27,19.54981803894043
2016-09-28,19.6538028717041
2016-09-29,19.38153839111328
2016-09-30,19.84430694580078
2016-10-03,19.71730613708496
2016-10-04,19.814937591552734
2016-10-05,19.914953231811523
2016-10-06,19.812557220458984
2016-10-07,19.685550689697266
2016-10-10,19.852245330810547
2016-10-11,19.590303421020508
2016-10-12,19.44742202758789
2016-10-13,19.360107421875
2016-10-14,19.518861770629883
2016-10-17,19.3759822845459
2016-10-18,19.57442855834961
2016-10-19,19.57442855834961
2016-10-20,19.614116668701172
2016-10-21,19.534740447998047
2016-10-24,19.622051239013672
2016-10-25,19.629993438720703
2016-10-26,19.534740447998047
2016-10-27,19.59823989868164
2016-10-28,19.606176376342773
2016-10-31,19.614116668701172
2016-11-01,19.614116668701172
2016-11-02,19.324386596679688
2016-11-03,19.18547821044922
2016-11-04,19.0664119720459
2016-11-07,19.368040084838867
2016-11-08,19.471237182617188
2016-11-09,19.518861770629883
2016-11-10,19.42678451538086
2016-11-11,19.399795532226562
2016-11-14,19.241037368774414
2016-11-15,19.264850616455078
2016-11-16,19.082290649414062
2016-11-17,19.098161697387695
2016-11-18,18.955284118652344
2016-11-21,19.0346622467041
2016-11-22,19.0346622467041
2016-11-23,18.876699447631836
2016-11-25,18.899715423583984
2016-11-28,18.80446434020996
2016-11-29,18.982267379760742
2016-11-30,18.875905990600586
2016-12-01,18.733028411865234
2016-12-02,18.80446434020996
2016-12-05,19.306928634643555
2016-12-06,19.3759822845459
2016-12-07,19.9871883392334
2016-12-08,19.883995056152344
2016-12-09,19.87526512145996
2016-12-12,19.92130470275879
2016-12-13,20.100696563720703
2016-12-14,19.772871017456055
2016-12-15,19.828433990478516
2016-12-16,19.907812118530273
2016-12-19,19.874473571777344
2016-12-20,19.931625366210938
2016-12-21,20.01202964782715
2016-12-22,20.003986358642578
2016-12-23,20.036951065063477
2016-12-27,20.07634925842285
2016-12-28,19.93162727355957
2016-12-29,20.084388732910156
2016-12-30,20.180871963500977
2017-01-03,20.180871963500977
2017-01-04,20.333635330200195
2017-01-05,20.526601791381836
2017-01-06,20.462278366088867
2017-01-09,20.446199417114258
2017-01-10,20.4582576751709
2017-01-11,20.62308120727539
2017-01-12,20.558757781982422
2017-01-13,20.558757781982422
2017-01-17,20.679363250732422
2017-01-18,20.73564338684082
2017-01-19,20.631118774414062
2017-01-20,20.79996109008789
2017-01-23,20.76780128479004
2017-01-24,20.88036346435547
2017-01-25,21.250211715698242
2017-01-26,21.177854537963867
2017-01-27,21.145689010620117
2017-01-30,20.88036346435547
2017-01-31,20.872325897216797
2017-02-01,21.02509117126465
2017-02-02,21.097450256347656
2017-02-03,20.924591064453125
2017-02-06,20.66328239440918
2017-02-07,20.679363250732422
2017-02-08,20.683378219604492
2017-02-09,20.80478858947754
2017-02-10,20.7871036529541
2017-02-13,20.90447998046875
2017-02-14,20.88036346435547
2017-02-15,20.920564651489258
2017-02-16,20.96076774597168
2017-02-17,20.89644432067871
2017-02-21,21.145689010620117
2017-02-22,21.121570587158203
2017-02-23,21.13604164123535
2017-02-24,20.895641326904297
2017-02-27,21.02509117126465
2017-02-28,20.976850509643555
2017-03-01,21.32257843017578
2017-03-02,21.153732299804688
2017-03-03,21.313732147216797
2017-03-06,21.210012435913086
2017-03-07,21.150516510009766
2017-03-08,21.06529426574707
2017-03-09,21.218055725097656
2017-03-10,21.386899948120117
2017-03-13,21.386899948120117
2017-03-14,21.25826072692871
2017-03-15,21.539663314819336
2017-03-16,21.716543197631836
2017-03-17,21.733428955078125
2017-03-20,21.61202049255371
2017-03-21,21.58066749572754
2017-03-22,21.538860321044922
2017-03-23,21.692424774169922
2017-03-24,21.74870491027832
2017-03-27,21.808204650878906
2017-03-28,21.965789794921875
2017-03-29,21.91754913330078
2017-03-30,21.829105377197266
2017-03-31,21.97382926940918
2017-04-03,21.901472091674805
2017-04-04,21.86931037902832
2017-04-05,21.692424774169922
2017-04-06,21.700464248657227
2017-04-07,21.599159240722656
2017-04-10,21.547698974609375
2017-04-11,21.558155059814453
2017-04-12,21.523578643798828
2017-04-13,21.402978897094727
2017-04-17,21.524385452270508
2017-04-18,21.49945831298828
2017-04-19,21.515539169311523
2017-04-20,21.587099075317383
2017-04-21,21.547698974609375
2017-04-24,22.572826385498047
2017-04-25,22.75373077392578
2017-04-26,22.633127212524414
2017-04-27,22.54066276550293
2017-04-28,22.576847076416016
2017-05-01,22.74569320678711
2017-05-02,22.81001091003418
2017-05-03,22.731216430664062
2017-05-04,23.063274383544922
2017-05-05,23.416240692138672
2017-05-08,23.091419219970703
2017-05-09,23.083377838134766
2017-05-10,23.072925567626953
2017-05-11,22.998952865600586
2017-05-12,23.180662155151367
2017-05-15,23.35674285888672
2017-05-16,23.580257415771484
2017-05-17,23.237749099731445
2017-05-18,23.28679084777832
2017-05-19,23.517549514770508
2017-05-22,23.557748794555664
2017-05-23,23.53363037109375
2017-05-24,23.445188522338867
2017-05-25,23.524782180786133
2017-05-26,23.405790328979492
2017-05-30,23.392921447753906
2017-05-31,23.573829650878906
2017-06-01,23.63814926147461
2017-06-02,24.07232093811035
2017-06-05,23.871313095092773
2017-06-06,23.718551635742188
2017-06-07,23.745084762573242
2017-06-08,23.662269592285156
2017-06-09,23.782873153686523
2017-06-12,23.630109786987305
2017-06-13,23.758750915527344
2017-06-14,23.865690231323242
2017-06-15,23.461267471313477
2017-06-16,23.702472686767578
2017-06-19,23.871313095092773
2017-06-20,23.722572326660156
2017-06-21,23.72420883178711
2017-06-22,23.731586456298828
2017-06-23,23.650482177734375
2017-06-26,23.78565216064453
2017-06-27,23.7405948638916
2017-06-28,23.96341896057129
2017-06-29,23.52760124206543
2017-06-30,23.482547760009766
2017-07-03,23.516948699951172
2017-07-05,23.50302505493164
2017-07-06,23.412914276123047
2017-07-07,23.56856346130371
2017-07-10,23.57265853881836
2017-07-11,23.72502899169922
2017-07-12,23.998647689819336
2017-07-13,23.961782455444336
2017-07-14,24.092853546142578
2017-07-17,23.99045753479004
2017-07-18,23.854463577270508
2017-07-19,23.847091674804688
2017-07-20,24.038787841796875
2017-07-21,23.707826614379883
2017-07-24,23.658674240112305
2017-07-25,23.7233943939209
2017-07-26,23.891326904296875
2017-07-27,23.60133171081543
2017-07-28,23.781553268432617
2017-07-31,23.76189422607422
2017-08-01,24.088754653930664
2017-08-02,23.961782455444336
2017-08-03,23.95358657836914
2017-08-04,24.043703079223633
2017-08-07,23.96587562561035
2017-08-08,23.96587562561035
2017-08-09,23.734039306640625
2017-08-10,23.429298400878906
2017-08-11,23.543983459472656
2017-08-14,23.86593246459961
2017-08-15,23.75697898864746
2017-08-16,23.888051986694336
2017-08-17,23.752883911132812
2017-08-18,23.732402801513672
2017-08-21,23.674240112304688
2017-08-22,23.872488021850586
2017-08-23,23.9699764251709
2017-08-24,23.904438018798828
2017-08-25,24.04042625427246
2017-08-28,24.166580200195312
2017-08-29,23.892967224121094
2017-08-30,23.82169532775879
2017-08-31,23.870849609375
2017-09-01,23.98062515258789
2017-09-05,23.9699764251709
2017-09-06,24.334524154663086
2017-09-07,24.649913787841797
2017-09-08,24.61223030090332
2017-09-11,24.887483596801758
2017-09-12,24.936635971069336
2017-09-13,24.826045989990234
2017-09-14,24.762147903442383
2017-09-15,24.862091064453125
2017-09-18,24.944826126098633
2017-09-19,25.08409309387207
2017-09-20,24.91206169128418
2017-09-21,25.05951690673828
2017-09-22,25.075902938842773
2017-09-25,24.805564880371094
2017-09-26,24.70070457458496
2017-09-27,24.7973690032959
2017-09-28,24.928442001342773
2017-09-29,25.16683578491211
2017-10-02,25.20697593688965
2017-10-03,25.27988624572754
2017-10-04,25.321664810180664
2017-10-05,25.257761001586914
2017-10-06,25.277427673339844
2017-10-09,25.272510528564453
2017-10-10,25.339685440063477
2017-10-11,25.526466369628906
2017-10-12,25.527286529541016
2017-10-13,25.534658432006836
2017-10-16,25.454376220703125
2017-10-17,25.478132247924805
2017-10-18,25.616575241088867
2017-10-19,25.569061279296875
2017-10-20,25.469118118286133
2017-10-23,25.374914169311523
2017-10-24,25.354433059692383
2017-10-25,25.431438446044922
2017-10-26,25.518272399902344
2017-10-27,25.460926055908203
2017-10-30,25.58954429626465
2017-10-31,25.800899505615234
2017-11-01,26.009796142578125
2017-11-02,26.14250946044922
2017-11-03,26.034374237060547
2017-11-06,26.034374237060547
2017-11-07,25.780418395996094
2017-11-08,25.87872314453125
2017-11-09,25.559234619140625
2017-11-10,25.44290542602539
2017-11-13,25.36836051940918
2017-11-14,25.632963180541992
2017-11-15,25.356067657470703
2017-11-16,25.632963180541992
2017-11-17,25.518272399902344
2017-11-20,25.471580505371094
2017-11-21,25.739452362060547
2017-11-22,25.469118118286133
2017-11-24,25.95245361328125
2017-11-27,25.724714279174805
2017-11-28,25.87872314453125
2017-11-29,25.747650146484375
2017-11-30,25.739452362060547
2017-12-01,25.582172393798828
2017-12-04,25.796802520751953
2017-12-05,25.551040649414062
2017-12-06,25.482229232788086
2017-12-07,25.656721115112305
2017-12-08,25.77223014831543
2017-12-11,25.73126792907715
2017-12-12,25.659175872802734
2017-12-13,25.70013999938965
2017-12-14,25.5428466796875
2017-12-15,25.5657901763916
2017-12-18,26.02618408203125
2017-12-19,26.05894660949707
2017-12-20,26.02618408203125
2017-12-21,25.79352569580078
2017-12-22,25.736997604370117
2017-12-26,25.691125869750977
2017-12-27,25.750926971435547
2017-12-28,25.845956802368164
2017-12-29,25.87872314453125
2018-01-02,25.77386474609375
2018-01-03,25.964744567871094
2018-01-04,26.411209106445312
2018-01-05,26.702848434448242
2018-01-08,26.62420082092285
2018-01-09,26.550472259521484
2018-01-10,26.370243072509766
2018-01-11,26.460359573364258
2018-01-12,26.788043975830078
2018-01-16,26.878158569335938
2018-01-17,26.894540786743164
2018-01-18,27.054283142089844
2018-01-19,27.40244483947754
2018-01-22,27.48436737060547
2018-01-23,27.685068130493164
2018-01-24,27.689163208007812
2018-01-25,27.51713752746582
2018-01-26,27.561376571655273
2018-01-29,27.353294372558594
2018-01-30,27.164878845214844
2018-01-31,27.173070907592773
2018-02-01,27.017419815063477
2018-02-02,26.34566879272461
2018-02-05,25.338045120239258
2018-02-06,25.960641860961914
2018-02-07,25.649343490600586
2018-02-08,24.740026473999023
2018-02-09,24.93172264099121
2018-02-12,25.223363876342773
2018-02-13,25.222537994384766
2018-02-14,25.66573143005371
2018-02-15,25.747650146484375
2018-02-16,25.845956802368164
2018-02-20,25.477312088012695
2018-02-21,25.329851150512695
2018-02-22,25.444547653198242
2018-02-23,25.714879989624023
2018-02-26,25.68211555480957
2018-02-27,25.31757164001465
2018-02-28,25.034940719604492
2018-03-01,24.54341697692871
2018-03-02,24.633529663085938
2018-03-05,24.917795181274414
2018-03-06,25.034940719604492
2018-03-07,25.186494827270508
2018-03-08,25.243837356567383
2018-03-09,25.260221481323242
2018-03-12,25.404403686523438
2018-03-13,25.08409309387207
2018-03-14,25.12505531311035
2018-03-15,25.284799575805664
2018-03-16,25.239742279052734
2018-03-19,25.010366439819336
2018-03-20,25.0808162689209
2018-03-21,25.05951690673828
2018-03-22,24.585195541381836
2018-03-23,24.207544326782227
2018-03-26,24.699066162109375
2018-03-27,24.436918258666992
2018-03-28,24.469690322875977
2018-03-29,24.772796630859375
2018-04-02,24.39596176147461
2018-04-03,24.559797286987305
2018-04-04,24.584379196166992
2018-04-05,24.99397850036621
2018-04-06,24.83013916015625
2018-04-09,25.13324737548828
2018-04-10,25.329851150512695
2018-04-11,25.149629592895508
2018-04-12,25.385560989379883
2018-04-13,25.43634796142578
2018-04-16,25.489599227905273
2018-04-17,25.796802520751953
2018-04-18,25.8377628326416
2018-04-19,25.65753936767578
2018-04-20,25.493696212768555
2018-04-23,25.47321891784668
2018-04-24,25.174209594726562
2018-04-25,25.043134689331055
2018-04-26,25.100475311279297
2018-04-27,25.34623908996582
2018-04-30,25.13324737548828
2018-05-01,24.936635971069336
2018-05-02,25.464202880859375
2018-05-03,25.35361099243164
2018-05-04,25.411775588989258
2018-05-07,25.526466369628906
2018-05-08,25.321664810180664
2018-05-09,25.47321891784668
2018-05-10,25.68211555480957
2018-05-11,25.673921585083008
2018-05-14,25.655078887939453
2018-05-15,25.45273780822754
2018-05-16,25.411775588989258
2018-05-17,25.534658432006836
2018-05-18,25.411775588989258
2018-05-21,25.600191116333008
2018-05-22,25.66573143005371
2018-05-23,25.14225959777832
2018-05-24,24.955474853515625
2018-05-25,24.928442001342773
2018-05-29,24.166580200195312
2018-05-30,24.756410598754883
2018-05-31,24.338613510131836
2018-06-01,24.57618522644043
2018-06-04,24.723642349243164
2018-06-05,24.770336151123047
2018-06-06,25.057876586914062
2018-06-07,24.81375503540039
2018-06-08,24.92025375366211
2018-06-11,25.075902938842773
2018-06-12,25.05951690673828
2018-06-13,25.034940719604492
2018-06-14,25.18239974975586
2018-06-15,25.026744842529297
2018-06-18,24.654010772705078
2018-06-19,24.39432144165039
2018-06-20,24.353700637817383
2018-06-21,24.0470027923584
2018-06-22,24.337125778198242
2018-06-25,23.864643096923828
2018-06-26,23.7071475982666
2018-06-27,23.582809448242188
2018-06-28,23.433603286743164
2018-06-29,23.79832649230957
2018-07-02,23.678136825561523
2018-07-03,23.751907348632812
2018-07-05,24.15310287475586
2018-07-06,24.221078872680664
2018-07-09,24.3951473236084
2018-07-10,24.521146774291992
2018-07-11,24.005556106567383
2018-07-12,24.171340942382812
2018-07-13,24.11331558227539
2018-07-16,24.37442398071289
2018-07-17,24.511201858520508
2018-07-18,24.544357299804688
2018-07-19,24.403438568115234
2018-07-20,24.34541893005371
2018-07-23,24.34541893005371
2018-07-24,24.486331939697266
2018-07-25,24.328838348388672
2018-07-26,24.70185089111328
2018-07-27,24.710140228271484
2018-07-30,24.793031692504883
2018-07-31,24.80132293701172
2018-08-01,24.542701721191406
2018-08-02,24.16305160522461
2018-08-03,24.204498291015625
2018-08-06,24.107515335083008
2018-08-07,24.270811080932617
2018-08-08,24.237653732299805
2018-08-09,24.237653732299805
2018-08-10,23.375579833984375
2018-08-13,23.31340980529785
2018-08-14,23.375579833984375
2018-08-15,22.911380767822266
2018-08-16,23.08545684814453
2018-08-17,23.259531021118164
2018-08-20,23.39215660095215
2018-08-21,23.722064971923828
2018-08-22,23.7900390625
2018-08-23,23.7071475982666
2018-08-24,23.85801124572754
2018-08-27,24.196210861206055
2018-08-28,24.320547103881836
2018-08-29,24.353700637817383
2018-08-30,24.179630279541016
2018-08-31,23.582809448242188
2018-09-04,23.43609046936035
2018-09-05,23.240461349487305
2018-09-06,23.010852813720703
2018-09-07,22.853357315063477
2018-09-10,23.03571891784668
2018-09-11,23.193214416503906
2018-09-12,23.14762306213379
2018-09-13,23.441890716552734
2018-09-14,23.35900115966797
2018-09-17,23.317554473876953
2018-09-18,23.59938621520996
2018-09-19,23.625080108642578
2018-09-20,24.136526107788086
2018-09-21,24.136526107788086
2018-09-24,24.08844566345215
2018-09-25,24.064409255981445
2018-09-26,24.105854034423828
2018-09-27,23.955820083618164
2018-09-28,23.61595916748047
2018-10-01,23.628400802612305
2018-10-02,23.51649284362793
2018-10-03,23.657411575317383
2018-10-04,23.363142013549805
2018-10-05,23.010852813720703
2018-10-08,22.64612579345703
2018-10-09,22.78704261779785
2018-10-10,22.32367515563965
2018-10-11,22.10318374633789
2018-10-12,21.95812225341797
2018-10-15,22.256534576416016
2018-10-16,22.588102340698242
2018-10-17,22.472055435180664
2018-10-18,21.842071533203125
2018-10-19,22.028583526611328
2018-10-22,21.85865592956543
2018-10-23,21.648103713989258
2018-10-24,20.923629760742188
2018-10-25,21.34389305114746
2018-10-26,21.232816696166992
2018-10-29,21.146610260009766
2018-10-30,21.145780563354492
2018-10-31,21.386167526245117
2018-11-01,21.601686477661133
2018-11-02,22.022777557373047
2018-11-05,21.70115852355957
2018-11-06,21.767471313476562
2018-11-07,21.98713493347168
2018-11-08,21.775760650634766
2018-11-09,21.634843826293945
2018-11-12,21.05211067199707
2018-11-13,21.265974044799805
2018-11-14,21.435901641845703
2018-11-15,21.41932487487793
2018-11-16,21.453310012817383
2018-11-19,21.394453048706055
2018-11-20,21.013153076171875
2018-11-21,21.15821075439453
2018-11-23,20.971704483032227
2018-11-26,21.294984817504883
2018-11-27,21.13749122619629
2018-11-28,21.420150756835938
2018-11-29,21.369590759277344
2018-11-30,21.17064666748047
2018-12-03,21.52376937866211
2018-12-04,20.88881492614746
2018-12-06,20.648427963256836
2018-12-07,20.262149810791016
2018-12-10,20.18423080444336
2018-12-11,20.224018096923828
2018-12-12,20.60698127746582
2018-12-13,20.383169174194336
2018-12-14,20.352497100830078
2018-12-17,19.87752914428711
2018-12-18,20.28120994567871
2018-12-19,20.08973503112793
2018-12-20,19.97285270690918
2018-12-21,19.894107818603516
2018-12-24,19.51032257080078
2018-12-26,19.595699310302734
2018-12-27,19.68687629699707
2018-12-28,19.87097930908203
2018-12-31,19.94698143005371
2019-01-02,19.887866973876953
2019-01-03,19.634521484375
2019-01-04,20.426654815673828
2019-01-07,20.386117935180664
2019-01-08,20.56346321105957
2019-01-09,20.884370803833008
2019-01-10,20.749256134033203
2019-01-11,20.597246170043945
2019-01-14,20.656360626220703
2019-01-15,20.647916793823242
2019-01-16,20.656360626220703
2019-01-17,20.56346321105957
2019-01-18,21.094655990600586
2019-01-22,20.829479217529297
2019-01-23,20.829479217529297
2019-01-24,20.85059356689453
2019-01-25,21.247507095336914
2019-01-28,21.255952835083008
2019-01-29,21.247507095336914
2019-01-30,21.110698699951172
2019-01-31,21.196836471557617
2019-02-01,21.147855758666992
2019-02-04,21.163055419921875
2019-02-05,21.450185775756836
2019-02-06,21.450185775756836
2019-02-07,20.749256134033203
2019-02-08,20.554174423217773
2019-02-11,20.538131713867188
2019-02-12,20.913928985595703
2019-02-13,20.842151641845703
2019-02-14,20.77374267578125
2019-02-15,21.112384796142578
2019-02-19,21.272842407226562
2019-02-20,21.4797420501709
2019-02-21,21.357290267944336
2019-02-22,21.357290267944336
2019-02-25,21.357290267944336
2019-02-26,21.781225204467773
2019-02-27,21.63090705871582
2019-02-28,21.112384796142578
2019-03-01,21.84963035583496
2019-03-04,21.703535079956055
2019-03-05,21.703535079956055
2019-03-06,21.669754028320312
2019-03-07,21.307464599609375
2019-03-08,21.27368927001953
2019-03-11,21.399518966674805
2019-03-12,21.492412567138672
2019-03-13,21.66131019592285
2019-03-14,21.669754028320312
2019-03-15,21.87834358215332
2019-03-18,21.897764205932617
2019-03-19,22.083553314208984
2019-03-20,21.82598114013672
2019-03-21,21.678199768066406
2019-03-22,21.213727951049805
2019-03-25,21.145320892333984
2019-03-26,21.145320892333984
2019-03-27,21.264392852783203
2019-03-28,21.306617736816406
2019-03-29,21.441740036010742
2019-04-01,21.668067932128906
2019-04-02,21.821762084960938
2019-04-03,22.19756317138672
2019-04-04,22.24401092529297
2019-04-05,22.22711753845215
2019-04-08,22.24401092529297
2019-04-09,22.100446701049805
2019-04-10,22.21107292175293
2019-04-11,22.212764739990234
2019-04-12,22.463579177856445
2019-04-15,22.504961013793945
2019-04-16,22.63248062133789
2019-04-17,22.674705505371094
2019-04-18,22.77604103088379
2019-04-22,22.792930603027344
2019-04-23,22.695817947387695
2019-04-24,22.709331512451172
2019-04-25,22.657814025878906
2019-04-26,22.775197982788086
2019-04-29,22.775197982788086
2019-04-30,22.90778350830078
2019-05-01,22.801380157470703
2019-05-02,22.759151458740234
2019-05-03,22.978721618652344
2019-05-06,22.73381805419922
2019-05-07,22.31917381286621
2019-05-08,22.526918411254883
2019-05-09,22.401086807250977
2019-05-10,22.497358322143555
2019-05-13,22.00839614868164
2019-05-14,22.217830657958984
2019-05-15,22.383350372314453
2019-05-16,22.649370193481445
2019-05-17,22.439931869506836
2019-05-20,22.13422393798828
2019-05-21,22.282011032104492
2019-05-22,22.282011032104492
2019-05-23,22.002485275268555
2019-05-24,22.002485275268555
2019-05-28,22.041332244873047
2019-05-29,21.491565704345703
2019-05-30,21.78882598876953
2019-05-31,22.961835861206055
2019-06-03,21.80909538269043
2019-06-04,22.032886505126953
2019-06-05,22.054841995239258
2019-06-06,22.23218536376953
2019-06-07,22.41291046142578
2019-06-10,22.590253829956055
2019-06-11,22.705947875976562
2019-06-12,22.542118072509766
2019-06-13,22.362239837646484
2019-06-14,22.2634334564209
2019-06-17,22.31917381286621
2019-06-18,22.6459903717041
2019-06-19,22.750709533691406
2019-06-20,22.93649673461914
2019-06-21,22.928050994873047
2019-06-24,22.931428909301758
2019-06-25,22.835159301757812
2019-06-26,22.87316131591797
2019-06-27,22.921688079833984
2019-06-28,22.96502113342285
2019-07-01,23.268333435058594
2019-07-02,23.302995681762695
2019-07-03,23.51097869873047
2019-07-05,23.173006057739258
2019-07-08,23.155670166015625
2019-07-09,23.01701545715332
2019-07-10,22.981483459472656
2019-07-11,22.895689010620117
2019-07-12,22.83069610595703
2019-07-15,23.025680541992188
2019-07-16,23.03694725036621
2019-07-17,23.03694725036621
2019-07-18,23.03694725036621
2019-07-19,22.765701293945312
2019-07-22,22.71370506286621
2019-07-23,22.981483459472656
2019-07-24,22.98668098449707
2019-07-25,22.722370147705078
2019-07-26,22.64437484741211
2019-07-29,22.887022018432617
2019-07-30,22.38353157043457
2019-07-31,21.899097442626953
2019-08-01,22.122676849365234
2019-08-02,22.122676849365234
2019-08-05,21.353137969970703
2019-08-06,21.379131317138672
2019-08-07,21.57498550415039
2019-08-08,21.72577667236328
2019-08-09,21.795103073120117
2019-08-12,21.57151985168457
2019-08-13,21.673782348632812
2019-08-14,20.928499221801758
2019-08-15,20.867839813232422
2019-08-16,21.119152069091797
2019-08-19,21.474458694458008
2019-08-20,21.271677017211914
2019-08-21,21.589717864990234
2019-08-22,21.5021915435791
2019-08-23,21.367000579833984
2019-08-26,21.268207550048828
2019-08-27,21.471860885620117
2019-08-28,21.392133712768555
2019-08-29,21.54205322265625
2019-08-30,21.85576629638672
2019-09-03,21.544658660888672
2019-09-04,21.795103073120117
2019-09-05,22.18334197998047
2019-09-06,22.18334197998047
2019-09-09,22.189409255981445
2019-09-10,22.189409255981445
2019-09-11,22.341064453125
2019-09-12,22.63224220275879
2019-09-13,22.77436637878418
2019-09-16,22.564647674560547
2019-09-17,22.521318435668945
2019-09-18,22.531719207763672
2019-09-19,22.566381454467773
2019-09-20,22.566381454467773
2019-09-23,22.25093650817871
2019-09-24,22.3150634765625
2019-09-25,22.037752151489258
2019-09-26,22.21973991394043
2019-09-27,22.206741333007812
2019-09-30,22.193740844726562
2019-10-01,22.303800582885742
2019-10-02,21.569786071777344
2019-10-03,21.838438034057617
2019-10-04,21.608783721923828
2019-10-07,21.76043701171875
2019-10-08,21.630447387695312
2019-10-09,21.845365524291992
2019-10-10,22.017820358276367
2019-10-11,22.61838150024414
2019-10-14,22.742300033569336
2019-10-15,22.947689056396484
2019-10-16,23.051677703857422
2019-10-17,23.308195114135742
2019-10-18,23.268333435058594
2019-10-21,23.493648529052734
2019-10-22,23.24233627319336
2019-10-23,23.517913818359375
2019-10-24,23.51097869873047
2019-10-25,23.51097869873047
2019-10-28,23.70076560974121
2019-10-29,23.623640060424805
2019-10-30,23.701635360717773
2019-10-31,23.701635360717773
2019-11-01,23.952951431274414
2019-11-04,24.01881217956543
2019-11-05,24.046541213989258
2019-11-06,24.098541259765625
2019-11-07,24.230260848999023
2019-11-08,24.10026741027832
2019-11-11,23.883621215820312
2019-11-12,24.048276901245117
2019-11-13,24.03094482421875
2019-11-14,23.965946197509766
2019-11-15,24.145334243774414
2019-11-18,24.09593963623047
2019-11-19,24.14360237121582
2019-11-20,23.987611770629883
2019-11-21,23.991947174072266
2019-11-22,23.965946197509766
2019-11-25,23.99627685546875
2019-11-26,24.048276901245117
2019-11-27,24.074270248413086
2019-11-29,24.004945755004883
2019-12-02,23.679967880249023
2019-12-03,23.796958923339844
2019-12-04,23.99627685546875
2019-12-05,23.926952362060547
2019-12-06,23.99627685546875
2019-12-09,23.87322235107422
2019-12-10,23.861955642700195
2019-12-11,24.05694007873535
2019-12-12,24.290922164916992
2019-12-13,24.455577850341797
2019-12-16,24.594236373901367
2019-12-17,24.43391227722168
2019-12-18,24.25625991821289
2019-12-19,24.121938705444336
2019-12-20,24.225929260253906
2019-12-23,24.25625991821289
2019-12-24,24.25625991821289
2019-12-26,24.312593460083008
2019-12-27,24.386247634887695
2019-12-30,24.007505416870117
2019-12-31,24.356786727905273
2020-01-02,24.70086097717285
2020-01-03,24.25884437561035
2020-01-06,24.271846771240234
2020-01-07,24.2285099029541
2020-01-08,24.492856979370117
2020-01-09,24.657529830932617
2020-01-10,24.70086097717285
2020-01-13,24.657529830932617
2020-01-14,24.57952308654785
2020-01-15,24.59685516357422
2020-01-16,24.66619300842285
2020-01-17,24.54485511779785
2020-01-21,24.68352699279785
2020-01-22,24.6705265045166
2020-01-23,24.5058536529541
2020-01-24,24.53618812561035
2020-01-27,24.012704849243164
2020-01-28,24.16351318359375
2020-01-29,24.141841888427734
2020-01-30,24.011838912963867
2020-01-31,23.487485885620117
2020-02-03,23.7344970703125
2020-02-04,24.111509323120117
2020-02-05,24.414854049682617
2020-02-06,24.477258682250977
2020-02-07,24.224180221557617
2020-02-10,24.245845794677734
2020-02-11,24.488521575927734
2020-02-12,24.6618595123291
2020-02-13,24.5058536529541
2020-02-14,24.497188568115234
2020-02-18,24.319515228271484
2020-02-19,24.475521087646484
2020-02-20,24.215513229370117
2020-02-21,24.198179244995117
2020-02-24,23.240478515625
2020-02-25,22.66412353515625
2020-02-26,22.681461334228516
2020-02-27,21.849428176879883
2020-02-28,21.62409210205078
2020-03-02,21.97943115234375
2020-03-03,21.746292114257812
2020-03-04,22.29144287109375
2020-03-05,21.796560287475586
2020-03-06,21.5070858001709
2020-03-09,19.665353775024414
2020-03-10,20.1897029876709
2020-03-11,19.214670181274414
2020-03-12,17.039260864257812
2020-03-13,17.593950271606445
2020-03-16,15.85189151763916
2020-03-17,16.28870391845703
2020-03-18,15.067524909973145
2020-03-19,15.262531280517578
2020-03-20,15.284200668334961
2020-03-23,15.604878425598145
2020-03-24,17.111194610595703
2020-03-25,17.68061637878418
2020-03-26,18.216238021850586
2020-03-27,17.76728630065918
2020-03-30,17.87562370300293
2020-03-31,17.849620819091797
2020-04-01,16.988128662109375
2020-04-02,17.131999969482422
2020-04-03,16.98465919494629
2020-04-06,18.151233673095703
2020-04-07,18.451976776123047
2020-04-08,18.65565299987793
2020-04-09,19.25193977355957
2020-04-13,18.835926055908203
2020-04-14,19.442609786987305
2020-04-15,18.599313735961914
2020-04-16,18.451112747192383
2020-04-17,19.208602905273438
2020-04-20,18.967662811279297
2020-04-21,18.472780227661133
2020-04-22,18.659114837646484
2020-04-23,18.47450828552246
2020-04-24,18.568115234375
2020-04-27,19.126266479492188
2020-04-28,19.225074768066406
2020-04-29,19.890697479248047
2020-04-30,19.700021743774414
2020-05-01,19.154003143310547
2020-05-04,19.14533805847168
2020-05-05,19.128002166748047
2020-05-06,18.855859756469727
2020-05-07,19.106334686279297
2020-05-08,19.559614181518555
2020-05-11,19.3741455078125
2020-05-12,19.150535583496094
2020-05-13,18.658252716064453
2020-05-14,18.540380477905273
2020-05-15,18.555980682373047
2020-05-18,20.02936363220215
2020-05-19,19.84735870361328
2020-05-20,20.215707778930664
2020-05-21,19.92449378967285
2020-05-22,19.975629806518555
2020-05-26,20.694990158081055
2020-05-27,21.195072174072266
2020-05-28,21.364946365356445
2020-05-29,21.344148635864258
2020-06-01,21.923099517822266
2020-06-02,22.20130729675293
2020-06-03,23.15814208984375
2020-06-04,23.15814208984375
2020-06-05,23.678159713745117
2020-06-08,23.955503463745117
2020-06-09,23.539491653442383
2020-06-10,23.4658203125
2020-06-11,21.944766998291016
2020-06-12,22.16143798828125
2020-06-15,22.465652465820312
2020-06-16,22.889467239379883
2020-06-17,22.7291259765625
2020-06-18,22.622522354125977
2020-06-19,22.417116165161133
2020-06-22,22.742124557495117
2020-06-23,23.127805709838867
2020-06-24,22.508115768432617
2020-06-25,22.906797409057617
2020-06-26,22.2784423828125
2020-06-29,22.64051628112793
2020-06-30,22.86758041381836
2020-07-01,22.745718002319336
2020-07-02,23.219131469726562
2020-07-06,23.653091430664062
2020-07-07,23.28225326538086
2020-07-08,23.341869354248047
2020-07-09,23.328718185424805
2020-07-10,23.552274703979492
2020-07-13,23.48038673400879
2020-07-14,23.88103485107422
2020-07-15,24.249244689941406
2020-07-16,24.187875747680664
2020-07-17,24.38951301574707
2020-07-20,24.65252113342285
2020-07-21,24.832244873046875
2020-07-22,25.018098831176758
2020-07-23,24.72265625
2020-07-24,24.542936325073242
2020-07-27,24.78402328491211
2020-07-28,24.6744384765625
2020-07-29,24.889225006103516
2020-07-30,24.301841735839844
2020-07-31,23.767066955566406
2020-08-03,24.371980667114258
2020-08-04,24.437728881835938
2020-08-05,24.608684539794922
2020-08-06,24.657779693603516
2020-08-07,24.55608367919922
2020-08-10,24.574495315551758
2020-08-11,24.740188598632812
2020-08-12,25.33195686340332
2020-08-13,25.182918548583984
2020-08-14,24.95059585571289
2020-08-17,25.22675323486328
2020-08-18,25.345104217529297
2020-08-19,25.296886444091797
2020-08-20,25.11716651916504
2020-08-21,24.79717445373535
2020-08-24,25.318805694580078
2020-08-25,25.40209197998047
2020-08-26,25.774682998657227
2020-08-27,25.410860061645508
2020-08-28,25.536224365234375
2020-08-31,25.660715103149414
2020-09-01,25.380176544189453
2020-09-02,25.98508644104004
2020-09-03,25.24867057800293
2020-09-04,25.288122177124023
2020-09-08,25.060182571411133
2020-09-09,25.783449172973633
2020-09-10,25.480995178222656
2020-09-11,25.669483184814453
2020-09-14,25.71244239807129
2020-09-15,25.353870391845703
2020-09-16,25.713315963745117
2020-09-17,25.695781707763672
2020-09-18,25.513431549072266
2020-09-21,24.371980667114258
2020-09-22,24.48945426940918
2020-09-23,24.059877395629883
2020-09-24,24.108972549438477
2020-09-25,24.065139770507812
2020-09-28,24.748958587646484
2020-09-29,24.811199188232422
2020-09-30,24.66040802001953
2020-10-01,24.599916458129883
2020-10-02,24.52978515625
2020-10-05,24.888349533081055
2020-10-06,24.78840446472168
2020-10-07,25.08209800720215
2020-10-08,25.261823654174805
2020-10-09,25.358257293701172
2020-10-12,25.57742691040039
2020-10-13,25.038265228271484
2020-10-14,25.11716651916504
2020-10-15,24.573619842529297
2020-10-16,25.011966705322266
2020-10-19,24.525400161743164
2020-10-20,24.718271255493164
2020-10-21,24.503482818603516
2020-10-22,24.441240310668945
2020-10-23,24.75772476196289
2020-10-26,23.600494384765625
2020-10-27,23.390087127685547
2020-10-28,22.2591552734375
2020-10-29,22.434497833251953
2020-10-30,22.32929229736328
2020-11-02,22.583532333374023
2020-11-03,23.404111862182617
2020-11-04,23.703941345214844
2020-11-05,24.371980667114258
2020-11-06,24.38074493408203
2020-11-09,25.292505264282227
2020-11-10,25.599349975585938
2020-11-11,25.53797721862793
2020-11-12,25.15223503112793
2020-11-13,25.523075103759766
2020-11-16,25.558141708374023
2020-11-17,25.57742691040039
2020-11-18,25.643178939819336
2020-11-19,25.555511474609375
2020-11-20,25.547622680664062
2020-11-23,25.51167869567871
2020-11-24,26.107830047607422
2020-11-25,25.99385643005371
2020-11-27,26.236696243286133
2020-11-30,26.02629280090332
2020-12-01,26.49357032775879
2020-12-02,26.47165298461914
2020-12-03,26.432199478149414
2020-12-04,26.48480224609375
2020-12-07,26.476037979125977
2020-12-08,26.432199478149414
2020-12-09,26.410282135009766
2020-12-10,26.607542037963867
2020-12-11,26.16042709350586
2020-12-14,26.423433303833008
2020-12-15,26.822328567504883
2020-12-16,27.226484298706055
2020-12-17,27.615732192993164
2020-12-18,27.418476104736328
2020-12-21,26.870546340942383
2020-12-22,26.80917739868164
2020-12-23,27.256288528442383
2020-12-24,27.080951690673828
2020-12-28,27.80860710144043
2020-12-29,27.66395378112793
2020-12-30,27.641752243041992
2020-12-31,27.346067428588867
2021-01-04,27.527206420898438
2021-01-05,27.663951873779297
2021-01-06,28.075956344604492
2021-01-07,28.24555778503418
2021-01-08,28.30681800842285
2021-01-11,27.80158233642578
2021-01-12,27.952533721923828
2021-01-13,27.861963272094727
2021-01-14,27.948091506958008
2021-01-15,27.290124893188477
2021-01-19,27.641752243041992
2021-01-20,27.730548858642578
2021-01-21,27.832660675048828
2021-01-22,27.770503997802734
2021-01-25,27.455284118652344
2021-01-26,27.727880477905273
2021-01-27,26.983783721923828
2021-01-28,27.22441864013672
2021-01-29,26.702306747436523
2021-02-01,27.135623931884766
2021-02-02,27.425092697143555
2021-02-03,27.59735679626465
2021-02-04,27.54851722717285
2021-02-05,27.872617721557617
2021-02-08,27.841541290283203
2021-02-09,27.845983505249023
2021-02-10,27.781160354614258
2021-02-11,27.894817352294922
2021-02-12,28.005809783935547
2021-02-16,28.02356719970703
2021-02-17,27.65951156616211
2021-02-18,27.588472366333008
2021-02-19,27.79270362854004
2021-02-22,27.74919319152832
2021-02-23,27.757184982299805
2021-02-24,27.98627471923828
2021-02-25,27.57959747314453
2021-02-26,27.33097267150879
2021-03-01,27.79270362854004
2021-03-02,27.837099075317383
2021-03-03,27.837099075317383
2021-03-04,27.508560180664062
2021-03-05,27.348730087280273
2021-03-08,27.92589569091797
2021-03-09,28.223356246948242
2021-03-10,28.41426658630371
2021-03-11,28.70639991760254
2021-03-12,28.61849021911621
2021-03-15,28.27663230895996
2021-03-16,28.4542236328125
2021-03-17,28.791641235351562
2021-03-18,28.76944351196289
2021-03-19,28.600736618041992
2021-03-22,28.72504234313965
2021-03-23,28.40094757080078
2021-03-24,28.334348678588867
2021-03-25,28.309490203857422
2021-03-26,28.605173110961914
2021-03-29,28.671770095825195
2021-03-30,28.82449722290039
2021-03-31,28.902633666992188
2021-04-01,29.239168167114258
2021-04-05,29.870500564575195
2021-04-06,29.648509979248047
2021-04-07,29.592567443847656
2021-04-08,29.67071533203125
2021-04-09,29.775484085083008
2021-04-12,29.758617401123047
2021-04-13,29.89712905883789
2021-04-14,29.83853530883789
2021-04-15,29.99747657775879
2021-04-16,30.464529037475586
2021-04-19,30.429901123046875
2021-04-20,29.93265151977539
2021-04-21,30.090707778930664
2021-04-22,30.06229591369629
2021-04-23,30.358861923217773
2021-04-26,30.296709060668945
2021-04-27,30.265634536743164
2021-04-28,30.386396408081055
2021-04-29,30.21235466003418
2021-04-30,29.799461364746094
2021-05-03,30.161739349365234
2021-05-04,29.346607208251953
2021-05-05,29.830541610717773
2021-05-06,30.11734390258789
2021-05-07,30.688295364379883
2021-05-10,30.426347732543945
2021-05-11,30.132442474365234
2021-05-12,29.83853530883789
2021-05-13,30.08803939819336
2021-05-14,30.682079315185547
2021-05-17,30.702499389648438
2021-05-18,30.616363525390625
2021-05-19,30.222122192382812
2021-05-20,30.774423599243164
2021-05-21,30.87388038635254
2021-05-24,31.140254974365234
2021-05-25,31.02482795715332
2021-05-26,30.81793975830078
2021-05-27,30.803726196289062
2021-05-28,30.948457717895508
2021-06-01,31.132266998291016
2021-06-02,31.14824676513672
2021-06-03,31.041698455810547
2021-06-04,31.255691528320312
2021-06-07,31.315181732177734
2021-06-08,31.24237632751465
2021-06-09,31.05146598815918
2021-06-10,31.094972610473633
2021-06-11,31.14114761352539
2021-06-14,31.153575897216797
2021-06-15,31.193538665771484
2021-06-16,30.85611915588379
2021-06-17,30.674087524414062
2021-06-18,30.00546646118164
2021-06-21,30.483182907104492
2021-06-22,30.527576446533203
2021-06-23,30.196372985839844
2021-06-24,30.394390106201172
2021-06-25,30.483182907104492
2021-06-28,30.373077392578125
2021-06-29,30.559734344482422
2021-06-30,30.271177291870117
2021-07-01,30.320772171020508
2021-07-02,30.419963836669922
2021-07-06,30.02139663696289
2021-07-07,30.320772171020508
2021-07-08,29.841047286987305
2021-07-09,30.566946029663086
2021-07-12,30.636377334594727
2021-07-13,30.370372772216797
2021-07-14,30.52727699279785
2021-07-15,30.208955764770508
2021-07-16,29.909582138061523
2021-07-19,29.216148376464844
2021-07-20,29.428054809570312
2021-07-21,29.823923110961914
2021-07-22,29.802276611328125
2021-07-23,30.122394561767578
2021-07-26,30.12689781188965
2021-07-27,29.973608016967773
2021-07-28,30.054763793945312
2021-07-29,30.352331161499023
2021-07-30,30.15034294128418
2021-08-02,30.054763793945312
2021-08-03,30.24412727355957
2021-08-04,30.320772171020508
2021-08-05,30.429882049560547
2021-08-06,30.279293060302734
2021-08-09,30.226093292236328
2021-08-10,30.217071533203125
2021-08-11,30.400121688842773
2021-08-12,30.574159622192383
2021-08-13,30.782461166381836
2021-08-16,30.7220458984375
2021-08-17,30.370372772216797
2021-08-18,30.411848068237305
2021-08-19,30.07730484008789
2021-08-20,30.234210968017578
2021-08-23,30.451526641845703
2021-08-24,30.523658752441406
2021-08-25,30.456031799316406
2021-08-26,30.319868087768555
2021-08-27,30.550716400146484
2021-08-30,30.559734344482422
2021-08-31,30.541696548461914
2021-09-01,30.613834381103516
2021-09-02,30.704004287719727
2021-09-03,30.713035583496094
2021-09-07,30.704004287719727
2021-09-08,30.180105209350586
2021-09-09,30.099851608276367
2021-09-10,30.041240692138672
2021-09-13,30.331592559814453
2021-09-14,30.29823112487793
2021-09-15,30.26666831970215
2021-09-16,30.235109329223633
2021-09-17,29.756290435791016
2021-09-20,28.950138092041016
2021-09-21,29.36493492126465
2021-09-22,29.625539779663086
2021-09-23,30.041240692138672
2021-09-24,29.730138778686523
2021-09-27,29.802276611328125
2021-09-28,29.17106056213379
2021-09-29,29.089906692504883
2021-09-30,28.83922576904297
2021-10-01,28.859966278076172
2021-10-04,28.59395408630371
2021-10-05,28.75626564025879
2021-10-06,28.432546615600586
2021-10-07,28.710277557373047
2021-10-08,28.72020149230957
2021-10-11,28.551572799682617
2021-10-12,28.555177688598633
2021-10-13,28.936613082885742
2021-10-14,29.351409912109375
2021-10-15,29.536266326904297
2021-10-18,29.288288116455078
2021-10-19,29.450603485107422
2021-10-20,29.522743225097656
2021-10-21,29.391088485717773
2021-10-22,29.602092742919922
2021-10-25,29.618324279785156
2021-10-26,29.824817657470703
2021-10-27,29.694068908691406
2021-10-28,29.883434295654297
2021-10-29,29.639968872070312
2021-11-01,29.988037109375
2021-11-02,30.14944076538086
2021-11-03,30.373071670532227
2021-11-04,30.25314712524414
2021-11-05,30.289215087890625
2021-11-08,30.313562393188477
2021-11-09,30.33069610595703
2021-11-10,29.998855590820312
2021-11-11,30.038528442382812
2021-11-12,30.062881469726562
2021-11-15,29.893354415893555
2021-11-16,29.95286750793457
2021-11-17,30.009675979614258
2021-11-18,30.115182876586914
2021-11-19,29.694068908691406
2021-11-22,29.44338607788086
2021-11-23,29.345996856689453
2021-11-24,29.062854766845703
2021-11-26,28.11603546142578
2021-11-29,28.18817710876465
2021-11-30,27.90863800048828
2021-12-01,27.98979949951172
2021-12-02,28.20711326599121
2021-12-03,27.94470977783203
2021-12-06,28.341472625732422
2021-12-07,29.032197952270508
2021-12-08,29.079992294311523
2021-12-09,28.734621047973633
2021-12-10,28.86537742614746
2021-12-13,28.740036010742188
2021-12-14,28.494762420654297
2021-12-15,28.801353454589844
2021-12-16,28.804962158203125
2021-12-17,28.350486755371094
2021-12-20,28.20440673828125
2021-12-21,28.550674438476562
2021-12-22,28.936613082885742
2021-12-23,29.144914627075195
2021-12-27,29.37305450439453
2021-12-28,29.41904067993164
2021-12-29,29.396495819091797
2021-12-30,29.273508071899414
2021-12-31,29.458446502685547
2022-01-03,29.58144187927246
2022-01-04,29.73175811767578
2022-01-05,29.708984375
2022-01-06,29.544998168945312
2022-01-07,29.57688331604004
2022-01-10,29.33545684814453
2022-01-11,29.687118530273438
2022-01-12,29.900304794311523
2022-01-13,29.727205276489258
2022-01-14,29.681655883789062
2022-01-18,29.125917434692383
2022-01-19,29.209733963012695
2022-01-20,29.080366134643555
2022-01-21,28.624847412109375
2022-01-24,28.20577049255371
2022-01-25,28.064559936523438
2022-01-26,28.20577049255371
2022-01-27,28.032669067382812
2022-01-28,28.078222274780273
2022-01-31,28.5428524017334
2022-02-01,28.807968139648438
2022-02-02,28.83438491821289
2022-02-03,28.515520095825195
2022-02-04,28.342424392700195
2022-02-07,28.351533889770508
2022-02-08,28.497303009033203
2022-02-09,28.945533752441406
2022-02-10,28.67951011657715
2022-02-11,28.078222274780273
2022-02-14,27.7502498626709
2022-02-15,28.551965713500977
2022-02-16,28.70684051513672
2022-02-17,28.12559700012207
2022-02-18,27.841354370117188
2022-02-22,27.057861328125
2022-02-23,26.7116641998291
2022-02-24,26.18326187133789
2022-02-25,27.021419525146484
2022-02-28,26.132244110107422
2022-03-01,25.208450317382812
2022-03-02,25.372438430786133
2022-03-03,24.625383377075195
2022-03-04,23.49570083618164
2022-03-07,22.502668380737305
2022-03-08,23.1932315826416
2022-03-09,24.95336151123047
2022-03-10,24.206308364868164
2022-03-11,24.142532348632812
2022-03-14,24.771154403686523
2022-03-15,24.969758987426758
2022-03-16,26.15593147277832
2022-03-17,26.11037826538086
2022-03-18,26.079404830932617
2022-03-21,25.718631744384766
2022-03-22,26.083049774169922
2022-03-23,25.568313598632812
2022-03-24,25.69767951965332
2022-03-25,25.818843841552734
2022-03-28,26.042051315307617
2022-03-29,26.830101013183594
2022-03-30,26.51123809814453
2022-03-31,25.60930824279785
2022-04-01,25.98283576965332
2022-04-04,26.025653839111328
2022-04-05,25.627527236938477
2022-04-06,25.226673126220703
2022-04-07,25.190231323242188
2022-04-08,25.199342727661133
2022-04-11,25.05357551574707
2022-04-12,24.72469139099121
2022-04-13,25.044466018676758
2022-04-14,24.889585494995117
2022-04-18,24.780261993408203
2022-04-19,25.026243209838867
2022-04-20,25.363327026367188
2022-04-21,25.25400161743164
2022-04-22,24.752933502197266
2022-04-25,24.66183090209961
2022-04-26,23.71070098876953
2022-04-27,23.60502052307129
2022-04-28,24.10609245300293
2022-04-29,23.90566635131836
2022-05-02,23.8601131439209
2022-05-03,23.987659454345703
2022-05-04,24.561614990234375
2022-05-05,23.76900863647461
2022-05-06,23.468368530273438
2022-05-09,22.94907569885254
2022-05-10,23.35904312133789
2022-05-11,23.204164505004883
2022-05-12,23.094839096069336
2022-05-13,23.677906036376953
2022-05-16,23.71434783935547
2022-05-17,24.333850860595703
2022-05-18,23.586801528930664
2022-05-19,23.946659088134766
2022-05-20,24.048696517944336
2022-05-23,24.32474136352539
2022-05-24,24.37029457092285
2022-05-25,24.18808364868164
2022-05-26,24.780261993408203
2022-05-27,25.199342727661133
2022-05-31,25.008024215698242
2022-06-01,24.889585494995117
2022-06-02,25.417991638183594
2022-06-03,25.203895568847656
2022-06-06,25.366971969604492
2022-06-07,25.375171661376953
2022-06-08,25.013486862182617
2022-06-09,24.352073669433594
2022-06-10,23.513919830322266
2022-06-13,22.779621124267578
2022-06-14,22.466222763061523
2022-06-15,23.213272094726562
2022-06-16,22.284013748168945
2022-06-17,22.34779167175293
2022-06-21,22.630212783813477
2022-06-22,22.448001861572266
2022-06-23,22.138248443603516
2022-06-24,22.520885467529297
2022-06-27,22.502668380737305
2022-06-28,22.402450561523438
2022-06-29,21.9783878326416
2022-06-30,21.679487228393555
2022-07-01,21.856958389282227
2022-07-05,20.950923919677734
2022-07-06,20.904220581054688
2022-07-07,21.184438705444336
2022-07-08,21.417953491210938
2022-07-11,20.913558959960938
2022-07-12,20.85191535949707
2022-07-13,20.894882202148438
2022-07-14,20.455869674682617
2022-07-15,20.988285064697266
2022-07-18,21.156415939331055
2022-07-19,22.03443145751953
2022-07-20,21.810256958007812
2022-07-21,21.9597110748291
2022-07-22,21.791576385498047
2022-07-25,21.894323348999023
2022-07-26,21.450641632080078
2022-07-27,21.875642776489258
2022-07-28,22.05311393737793
2022-07-29,22.398714065551758
2022-08-01,22.421131134033203
2022-08-02,22.081130981445312
2022-08-03,22.45475959777832
2022-08-04,22.63222885131836
2022-08-05,22.529483795166016
2022-08-08,22.563108444213867
2022-08-09,22.393110275268555
2022-08-10,22.884422302246094
2022-08-11,22.843324661254883
2022-08-12,23.108600616455078
2022-08-15,22.856403350830078
2022-08-16,22.931127548217773
2022-08-17,22.56964683532715
2022-08-18,22.455690383911133
2022-08-19,21.997068405151367
2022-08-22,21.315204620361328
2022-08-23,21.315204620361328
2022-08-24,21.38993263244629
2022-08-25,21.576744079589844
2022-08-26,20.801477432250977
2022-08-29,20.904220581054688
2022-08-30,20.960264205932617
2022-08-31,20.932241439819336
2022-09-01,20.698726654052734
2022-09-02,20.446531295776367
2022-09-06,20.652027130126953
2022-09-07,21.091033935546875
2022-09-08,20.94158363342285
2022-09-09,21.38993263244629
2022-09-12,22.183883666992188
2022-09-13,21.287185668945312
2022-09-14,21.147075653076172
2022-09-15,21.17509651184082
2022-09-16,20.79213523864746
2022-09-19,21.137733459472656
2022-09-20,20.50257682800293
2022-09-21,20.231698989868164
2022-09-22,20.147634506225586
2022-09-23,19.400386810302734
2022-09-26,19.120168685913086
2022-09-27,18.80259132385254
2022-09-28,19.44522476196289
2022-09-29,19.24159812927246
2022-09-30,19.036104202270508
2022-10-03,19.49379539489746
2022-10-04,20.5081787109375
2022-10-05,20.41851043701172
2022-10-06,19.820711135864258
2022-10-07,19.465770721435547
2022-10-10,19.39104461669922
2022-10-11,19.138851165771484
2022-10-12,19.176212310791016
2022-10-13,19.811372756958008
2022-10-14,19.540494918823242
2022-10-17,20.18499755859375
2022-10-18,20.521257400512695
2022-10-19,20.193401336669922
2022-10-20,20.10093116760254
2022-10-21,20.553014755249023
2022-10-24,20.74542808532715
2022-10-25,21.133066177368164
2022-10-26,21.520702362060547
2022-10-27,21.268503189086914
2022-10-28,21.557126998901367
2022-10-31,21.20311737060547
2022-11-01,21.431964874267578
2022-11-02,21.02564811706543
2022-11-03,20.7360897064209
2022-11-04,21.75421714782715
2022-11-07,22.071792602539062
2022-11-08,22.221240997314453
2022-11-09,22.258604049682617
2022-11-10,23.267385482788086
2022-11-11,24.014633178710938
2022-11-14,23.883865356445312
2022-11-15,23.92123031616211
2022-11-16,24.070676803588867
2022-11-17,24.192106246948242
2022-11-18,24.09869956970215
2022-11-21,23.87452507019043
2022-11-22,24.232267379760742
2022-11-23,24.285512924194336
2022-11-25,24.462982177734375
2022-11-28,24.00529670715332
2022-11-29,24.1080379486084
2022-11-30,24.481664657592773
2022-12-01,24.649791717529297
2022-12-02,24.817922592163086
2022-12-05,24.38825798034668
2022-12-06,24.192106246948242
2022-12-07,24.322872161865234
2022-12-08,24.378917694091797
2022-12-09,24.434961318969727
2022-12-12,24.453643798828125
2022-12-13,24.930011749267578
2022-12-14,24.920673370361328
2022-12-15,24.3041934967041
2022-12-16,23.84650421142578
2022-12-19,23.883865356445312
2022-12-20,23.9632625579834
2022-12-21,24.220129013061523
2022-12-22,23.967931747436523
2022-12-23,23.911890029907227
2022-12-27,24.070676803588867
2022-12-28,23.809141159057617
2022-12-29,24.532451629638672
2022-12-30,24.016469955444336
2023-01-03,24.222862243652344
2023-01-04,24.982759475708008
2023-01-05,24.67317008972168
2023-01-06,25.301729202270508
2023-01-09,25.667604446411133
2023-01-10,25.74265480041504
2023-01-11,26.20234489440918
2023-01-12,26.59636688232422
2023-01-13,26.530696868896484
2023-01-17,26.577604293823242
2023-01-18,26.483787536621094
2023-01-19,26.296161651611328
2023-01-20,26.568222045898438
2023-01-23,26.624507904052734
2023-01-24,26.60574722290039
2023-01-25,26.76523208618164
2023-01-26,26.76523208618164
2023-01-27,26.643272399902344
2023-01-30,26.549457550048828
2023-01-31,26.783994674682617
2023-02-01,27.14048957824707
2023-02-02,27.42193031311035
2023-02-03,26.943477630615234
2023-02-06,26.680797576904297
2023-02-07,26.84028434753418
2023-02-08,26.774614334106445
2023-02-09,26.830902099609375
2023-02-10,26.52131462097168
2023-02-13,26.859045028686523
2023-02-14,26.877811431884766
2023-02-15,26.959428787231445
2023-02-16,26.84966468811035
2023-02-17,26.86842918395996
2023-02-21,26.52131462097168
2023-02-22,26.474407196044922
2023-02-23,26.690181732177734
2023-02-24,26.033477783203125
2023-02-27,26.483787536621094
2023-02-28,26.33368682861328
2023-03-01,26.418119430541992
2023-03-02,26.427499771118164
2023-03-03,26.93878746032715
2023-03-06,26.99976921081543
2023-03-07,26.530696868896484
2023-03-08,26.755849838256836
2023-03-09,26.58698272705078
2023-03-10,26.371213912963867
2023-03-13,25.949047088623047
2023-03-14,26.42844009399414
2023-03-15,25.404922485351562
2023-03-16,25.873994827270508
2023-03-17,25.451831817626953
2023-03-20,25.986572265625
2023-03-21,26.511934280395508
2023-03-22,26.52131462097168
2023-03-23,26.502553939819336
2023-03-24,26.192964553833008
2023-03-27,26.427499771118164
2023-03-28,26.615127563476562
2023-03-29,26.924718856811523
2023-03-30,27.412548065185547
2023-03-31,27.53451156616211
2023-04-03,27.647083282470703
2023-04-04,27.7033748626709
2023-04-05,27.412548065185547
2023-04-06,27.712757110595703
2023-04-10,27.61894416809082
2023-04-11,27.74090003967285
2023-04-12,27.947294235229492
2023-04-13,28.228736877441406
2023-04-14,28.19965362548828
2023-04-17,27.975433349609375
2023-04-18,28.209972381591797
2023-04-19,28.200590133666992
2023-04-20,27.99420166015625
2023-04-21,28.275644302368164
2023-04-24,28.33193016052246
2023-04-25,27.984819412231445
2023-04-26,28.03172492980957
2023-04-27,28.31317138671875
2023-04-28,28.416364669799805
2023-05-01,28.444507598876953
2023-05-02,28.041105270385742
2023-05-03,28.088016510009766
2023-05-04,28.050485610961914
2023-05-05,28.406982421875
2023-05-08,28.350696563720703
2023-05-09,28.153684616088867
2023-05-10,28.21935272216797
2023-05-11,27.87224006652832
2023-05-12,27.844097137451172
2023-05-15,27.956674575805664
2023-05-16,27.769044876098633
2023-05-17,28.041105270385742
2023-05-18,28.097396850585938
2023-05-19,28.360076904296875
2023-05-22,28.294404983520508
2023-05-23,27.928529739379883
2023-05-24,27.45945930480957
2023-05-25,27.412548065185547
2023-05-26,27.590797424316406
2023-05-30,27.57203483581543
2023-05-31,27.0091495513916
2023-06-01,27.600177764892578
2023-06-02,27.665851593017578
2023-06-05,27.562652587890625
2023-06-06,27.562652587890625
2023-06-07,27.5157470703125
2023-06-08,27.853477478027344
2023-06-09,27.647083282470703
2023-06-12,28.01296043395996
2023-06-13,28.200590133666992
2023-06-14,28.294404983520508
2023-06-15,28.716569900512695
2023-06-16,28.847909927368164
2023-06-20,28.491418838500977
2023-06-21,28.294404983520508
2023-06-22,28.275644302368164
2023-06-23,27.853477478027344
2023-06-26,27.834712982177734
2023-06-27,27.984819412231445
2023-06-28,28.209972381591797
2023-06-29,27.99038314819336
2023-06-30,28.393123626708984
2023-07-03,28.311614990234375
2023-07-05,27.865726470947266
2023-07-06,27.29038429260254
2023-07-07,27.64517593383789
2023-07-10,27.74106788635254
2023-07-11,28.038328170776367
2023-07-12,28.767093658447266
2023-07-13,29.208189010620117
2023-07-14,29.064355850219727
2023-07-17,29.17942237854004
2023-07-18,29.160245895385742
2023-07-19,29.073944091796875
2023-07-20,28.910932540893555
2023-07-21,28.910932540893555
2023-07-24,28.73832893371582
2023-07-25,28.862985610961914
2023-07-26,28.84380531311035
2023-07-27,28.767093658447266
2023-07-28,29.236957550048828
2023-07-31,29.160245895385742
2023-08-01,28.75750732421875
2023-08-02,28.095863342285156
2023-08-03,28.028738021850586
2023-08-04,27.971206665039062
2023-08-07,28.287643432617188
2023-08-08,27.947233200073242
2023-08-09,27.99038314819336
2023-08-10,28.105451583862305
2023-08-11,27.875314712524414
2023-08-14,27.9520263671875
2023-08-15,27.568466186523438
2023-08-16,27.453397750854492
2023-08-17,27.357507705688477
2023-08-18,27.22325897216797
2023-08-21,27.424631118774414
2023-08-22,27.40545082092285
2023-08-23,27.472578048706055
2023-08-24,27.079425811767578
2023-08-25,27.261619567871094
2023-08-28,27.556961059570312
2023-08-29,27.9520263671875
2023-08-30,27.96161651611328
2023-08-31,27.789012908935547
2023-09-01,27.539697647094727
2023-09-05,27.136960983276367
2023-09-06,27.184906005859375
2023-09-07,27.069835662841797
2023-09-08,27.041072845458984
2023-09-11,27.319150924682617
2023-09-12,27.06024742126465
2023-09-13,26.945178985595703
2023-09-14,27.136960983276367
2023-09-15,27.170520782470703
2023-09-18,27.041072845458984
2023-09-19,26.964359283447266
2023-09-20,26.897233963012695
2023-09-21,26.599971771240234
2023-09-22,26.59038543701172
2023-09-25,26.245182037353516
2023-09-26,25.88079833984375
2023-09-27,25.77531623840332
2023-09-28,26.110931396484375
2023-09-29,26.062990188598633
2023-10-02,25.698604583740234
2023-10-03,25.382164001464844
2023-10-04,25.65066146850586
2023-10-05,25.66983985900879
2023-10-06,26.005455017089844
2023-10-09,25.86161994934082
2023-10-10,26.31230354309082
2023-10-11,26.379426956176758
2023-10-12,26.034221649169922
2023-10-13,25.660247802734375
2023-10-16,25.986276626586914
2023-10-17,25.995864868164062
2023-10-18,25.47805404663086
2023-10-19,25.554767608642578
2023-10-20,25.19997787475586
2023-10-23,25.36298942565918
2023-10-24,25.382164001464844
2023-10-25,25.247920989990234
2023-10-26,24.989015579223633
2023-10-27,24.86435890197754
2023-10-30,25.267099380493164
2023-10-31,25.238332748413086
2023-11-01,25.487648010253906
2023-11-02,25.947919845581055
2023-11-03,26.254770278930664
2023-11-06,26.110931396484375
2023-11-07,26.02463150024414
2023-11-08,26.187644958496094
2023-11-09,26.15888023376465
2023-11-10,26.293127059936523
2023-11-13,26.436962127685547
2023-11-14,27.29038429260254
2023-11-15,27.424631118774414
2023-11-16,27.606822967529297
2023-11-17,27.942440032958984
2023-11-20,28.038328170776367
2023-11-21,27.932849884033203
2023-11-22,27.932849884033203
2023-11-24,28.268468856811523
2023-11-27,28.134218215942383
2023-11-28,28.287643432617188
2023-11-29,28.546546936035156
2023-11-30,28.460247039794922
2023-12-01,28.699974060058594
2023-12-04,28.59449005126953
2023-12-05,28.699974060058594
2023-12-06,28.72873878479004
2023-12-07,28.910932540893555
2023-12-08,29.047094345092773
2023-12-11,29.102712631225586
2023-12-12,29.117095947265625
2023-12-13,29.534217834472656
2023-12-14,29.534217834472656
2023-12-15,29.28490447998047
2023-12-18,29.237916946411133
2023-12-19,29.55914878845215
2023-12-20,29.208189010620117
2023-12-21,29.534217834472656
2023-12-22,29.543807983398438
2023-12-26,29.7547664642334
2023-12-27,29.91777992248535
2023-12-28,29.66082000732422
2023-12-29,29.689695358276367
2024-01-02,29.391353607177734
2024-01-03,28.948654174804688
2024-01-04,29.112258911132812
2024-01-05,29.17000389099121
2024-01-08,29.54533576965332
2024-01-09,29.246994018554688
2024-01-10,29.468345642089844
2024-01-11,29.343233108520508
2024-01-12,29.420223236083984
2024-01-16,28.890911102294922
2024-01-17,28.727304458618164
2024-01-18,29.006399154663086
2024-01-19,29.14113426208496
2024-01-22,29.17000389099121
2024-01-23,29.073762893676758
2024-01-24,29.487590789794922
2024-01-25,29.42984962463379
2024-01-26,29.534748077392578
2024-01-29,29.554960250854492
2024-01-30,29.564584732055664
2024-01-31,29.16134262084961
2024-02-01,29.54533576965332
2024-02-02,29.381731033325195
2024-02-05,29.21331214904785
2024-02-06,29.418298721313477
2024-02-07,29.285490036010742
2024-02-08,29.40578842163086
2024-02-09,29.35285758972168
2024-02-12,29.400976181030273
2024-02-13,28.9679012298584
2024-02-14,29.218124389648438
2024-02-15,29.53571128845215
2024-02-16,29.559772491455078
2024-02-20,29.67044448852539
2024-02-21,29.761873245239258
2024-02-22,30.286373138427734
2024-02-23,30.300809860229492
2024-02-26,30.43073272705078
2024-02-27,30.623210906982422
2024-02-28,30.71944808959961
2024-02-29,30.873432159423828
2024-03-01,31.008169174194336
2024-03-04,30.89267921447754
2024-03-05,30.89267921447754
2024-03-06,31.07553482055664
2024-03-07,31.41236686706543
2024-03-08,31.268014907836914
2024-03-11,31.27763557434082
2024-03-12,31.537479400634766
2024-03-13,31.652965545654297
2024-03-14,31.354629516601562
2024-03-15,31.465299606323242
2024-03-18,31.331527709960938
2024-03-19,31.413331985473633
2024-03-20,31.896455764770508
2024-03-21,31.662588119506836
2024-03-22,31.691463470458984
2024-03-25,31.826196670532227
2024-03-26,31.903186798095703
2024-03-27,32.268890380859375
2024-03-28,32.14666748046875
2024-04-01,31.999425888061523
2024-04-02,31.62409782409668
2024-04-03,32.00904846191406
2024-04-04,31.663555145263672
2024-04-05,31.633716583251953
2024-04-08,31.970556259155273
2024-04-09,31.604848861694336
2024-04-10,31.27763557434082
2024-04-11,31.056285858154297
2024-04-12,30.55584144592285
2024-04-15,30.59433937072754
2024-04-16,30.257503509521484
2024-04-17,30.51734733581543
2024-04-18,30.324871063232422
2024-04-19,30.363365173339844
2024-04-22,30.661706924438477
2024-04-23,31.239137649536133
2024-04-24,31.056285858154297
2024-04-25,30.9735164642334
2024-04-26,31.191022872924805
2024-04-29,31.18524742126465
2024-04-30,30.623210906982422
2024-05-01,30.62417221069336
2024-05-02,30.844558715820312
2024-05-03,31.181400299072266
2024-05-06,31.508607864379883
2024-05-07,31.806947708129883
2024-05-08,31.951311111450195
2024-05-09,32.30739212036133
2024-05-10,32.451751708984375
2024-05-13,32.38438415527344
2024-05-14,32.523929595947266
2024-05-15,32.942569732666016
2024-05-16,32.59033203125
2024-05-17,32.634605407714844
2024-05-20,32.596107482910156
2024-05-21,32.60573196411133
2024-05-22,32.34107208251953
2024-05-23,32.21115493774414
2024-05-24,32.43250274658203
2024-05-28,32.480621337890625
2024-05-29,31.951311111450195
2024-05-30,32.004241943359375
2024-05-31,32.20153045654297
2024-06-03,32.38438415527344
2024-06-04,32.1919059753418
2024-06-05,32.32664108276367
2024-06-06,32.43250274658203
2024-06-07,32.01866912841797
2024-06-10,31.79732894897461
2024-06-11,31.643342971801758
2024-06-12,32.05717468261719
2024-06-13,31.421993255615234
2024-06-14,30.858993530273438
2024-06-17,31.094783782958984
2024-06-18,31.142900466918945
2024-06-20,31.20064353942871
2024-06-21,31.104406356811523
2024-06-24,31.20064353942871
2024-06-25,31.07553482055664
2024-06-26,31.027416229248047
2024-06-27,31.162004470825195
2024-06-28,31.197370529174805
2024-07-01,31.505847930908203
2024-07-02,31.132532119750977
2024-07-03,31.77109718322754
2024-07-05,32.016700744628906
2024-07-08,31.977401733398438
2024-07-09,31.48619842529297
2024-07-10,32.00687789916992
2024-07-11,32.1247673034668
2024-07-12,32.62579345703125
2024-07-15,32.38018798828125
2024-07-16,32.31142044067383
2024-07-17,32.219078063964844
2024-07-18,31.884077072143555
2024-07-19,31.564790725708008
2024-07-22,32.1640625
2024-07-23,32.09529113769531
2024-07-24,31.7121524810791
2024-07-25,31.64240264892578
2024-07-26,31.991153717041016
2024-07-29,31.731800079345703
2024-07-30,31.825132369995117
2024-07-31,31.987228393554688
2024-08-01,31.01464080810547
2024-08-02,30.926223754882812
2024-08-05,30.277833938598633
2024-08-06,30.356428146362305
2024-08-07,30.336782455444336
2024-08-08,30.896753311157227
2024-08-09,30.886930465698242
2024-08-12,30.926223754882812
2024-08-13,31.324100494384766
2024-08-14,31.4468994140625
2024-08-15,31.839866638183594
2024-08-16,32.23283004760742
2024-08-19,32.60614776611328
2024-08-20,32.55702209472656
2024-08-21,32.86354064941406
2024-08-22,32.73386001586914
2024-08-23,33.205413818359375
2024-08-26,33.18576431274414
2024-08-27,33.3517951965332
2024-08-28,33.29874038696289
2024-08-29,33.37242126464844
2024-08-30,33.3331298828125
2024-09-03,32.861568450927734
2024-09-04,32.832096099853516
2024-09-05,32.937217712402344
2024-09-06,32.286861419677734
2024-09-09,32.5766716003418
2024-09-10,32.239707946777344
2024-09-11,32.46860885620117
2024-09-12,32.8026237487793
2024-09-13,33.05805587768555
2024-09-16,33.272220611572266
2024-09-17,33.10717010498047
2024-09-18,33.26435852050781
2024-09-19,33.82433319091797
2024-09-20,33.38224792480469
2024-09-23,33.51978302001953
2024-09-24,33.873451232910156
2024-09-25,33.583641052246094
2024-09-26,34.42851257324219
2024-09-27,34.502193450927734
2024-09-30,34.49237060546875
2024-10-01,33.99134063720703
2024-10-02,33.760475158691406
2024-10-03,33.42154312133789
2024-10-04,33.65241241455078
2024-10-07,33.313480377197266
2024-10-08,33.431365966796875
2024-10-09,33.696617126464844
2024-10-10,33.480491638183594
2024-10-11,33.85380172729492
2024-10-14,33.92257308959961
2024-10-15,33.81450653076172
2024-10-16,33.696617126464844
2024-10-17,33.81450653076172
2024-10-18,34.07976150512695
2024-10-21,33.657318115234375
2024-10-22,33.441192626953125
2024-10-23,33.313480377197266
2024-10-24,33.54925537109375
2024-10-25,33.480491638183594
2024-10-28,33.67696762084961
2024-10-29,33.62784957885742
2024-10-30,33.349830627441406
2024-10-31,33.1464729309082
2024-11-01,33.220149993896484
2024-11-04,33.2083625793457
2024-11-05,33.60820007324219
2024-11-06,32.78297805786133
2024-11-07,33.46673583984375
2024-11-08,32.93623352050781
2024-11-11,32.95981216430664
2024-11-12,32.38018798828125
2024-11-13,31.9381046295166
2024-11-14,32.30160140991211
2024-11-15,32.32124710083008
2024-11-18,32.399837493896484
2024-11-19,32.1247673034668
2024-11-20,32.1247673034668
2024-11-21,32.03339767456055
2024-11-22,32.10511779785156
2024-11-25,32.488258361816406
2024-11-26,32.22300338745117
2024-11-27,32.51772689819336
2024-11-29,33.25453186035156
2024-12-02,33.49031448364258
2024-12-03,33.5394287109375
2024-12-04,34.040462493896484
2024-12-05,34.42360305786133
2024-12-06,34.37251663208008
2024-12-09,34.266414642333984
2024-12-10,34.10431671142578
2024-12-11,34.256591796875
2024-12-12,34.092525482177734
2024-12-13,34.2172966003418
2024-12-16,34.0905647277832
2024-12-17,33.85969924926758
2024-12-18,33.09440231323242
2024-12-19,33.03841018676758
2024-12-20,33.0875244140625
2024-12-23,32.95981216430664
2024-12-24,33.30365753173828
2024-12-26,33.51978302001953
2024-12-27,33.097347259521484
2024-12-30,32.9505729675293
2024-12-31,32.821533203125
2025-01-02,32.635353088378906
2025-01-03,32.7240104675293
2025-01-06,33.40370559692383
2025-01-07,33.55146789550781
2025-01-08,33.5416145324707
2025-01-10,33.068782806396484
2025-01-13,32.97027587890625
2025-01-14,33.46281051635742
2025-01-15,34.01445007324219
2025-01-16,34.083404541015625
2025-01-17,34.27056884765625
2025-01-21,35.285186767578125
2025-01-22,35.39354705810547
2025-01-23,35.8466796875
2025-01-24,35.86637878417969
2025-01-27,35.865394592285156
2025-01-28,35.76787567138672
2025-01-29,35.92548370361328
2025-01-30,36.033843994140625
2025-01-31,35.75802230834961
2025-02-03,35.179786682128906
2025-02-04,35.531455993652344
2025-02-05,35.964881896972656
2025-02-06,36.37861633300781
2025-02-07,35.91563415527344
2025-02-10,36.221004486083984
2025-02-11,36.595333099365234
2025-02-12,37.058311462402344
2025-02-13,37.64442825317383
2025-02-14,37.77741241455078
2025-02-18,38.22069549560547
2025-02-19,37.397178649902344
2025-02-20,37.48189163208008
2025-02-21,37.0780143737793
2025-02-24,37.31443405151367
2025-02-25,37.895626068115234
2025-02-26,37.88576889038086
2025-02-27,37.21592330932617
2025-02-28,37.41293716430664
2025-03-03,38.58517074584961
2025-03-04,38.496517181396484
2025-03-05,40.112030029296875
2025-03-06,40.03322219848633
2025-03-07,40.27949142456055
2025-03-10,39.107261657714844
2025-03-11,39.15650939941406
2025-03-12,39.46188735961914
2025-03-13,39.01860427856445
2025-03-14,40.13172912597656
2025-03-17,40.57501220703125
2025-03-18,40.87053298950195
2025-03-19,40.624267578125
2025-03-20,39.84606170654297
2025-03-21,39.57024002075195
2025-03-24,39.501285552978516
2025-03-25,39.885467529296875
2025-03-26,39.03830337524414
2025-03-27,39.058006286621094
2025-03-28,38.83143615722656
2025-03-31,38.51621627807617
2025-04-01,38.82158660888672
2025-04-02,38.79203796386719
2025-04-03,38.04338073730469
2025-04-04,35.5216064453125
2025-04-07,34.684295654296875
2025-04-08,34.319820404052734
2025-04-09,37.37353515625
2025-04-10,37.00905990600586
2025-04-11,37.50159454345703
2025-04-14,38.013832092285156
2025-04-15,38.27980041503906
2025-04-16,38.398006439208984
2025-04-17,38.51621627807617
2025-04-21,38.18129348754883
2025-04-22,39.136810302734375
2025-04-23,39.72785568237305
2025-04-24,40.299190521240234
2025-04-25,40.57501220703125
2025-04-28,40.74247360229492
2025-04-29,40.92963790893555
2025-04-30,40.89023208618164
2025-05-01,40.840980529785156
2025-05-02,41.697994232177734
2025-05-05,42.17082595825195
2025-05-06,42.08216857910156
2025-05-07,41.71769332885742
2025-05-08,41.885154724121094
2025-05-09,42.185604095458984
2025-05-12,41.74724578857422
2025-05-13,42.013214111328125
2025-05-14,41.78664779663086
2025-05-15,42.279178619384766
2025-05-16,42.249629974365234
2025-05-19,43.03768539428711
2025-05-20,43.185447692871094
2025-05-21,43.16082000732422
2025-05-22,43.185447692871094
2025-05-23,42.65351104736328
2025-05-27,43.786338806152344
2025-05-28,43.274105072021484
2025-05-29,43.343055725097656
2025-05-30,43.451416015625
2025-06-02,43.89469909667969
2025-06-03,43.628726959228516
2025-06-04,44.052310943603516
2025-06-05,44.09170913696289
2025-06-06,44.0720100402832
2025-06-09,43.85529327392578
2025-06-10,43.628726959228516
2025-06-11,43.54007339477539
2025-06-12,43.75678253173828
2025-06-13,43.017982482910156
2025-06-16,43.28395080566406
2025-06-17,42.535301208496094
2025-06-18,42.49589920043945
2025-06-20,42.614105224609375
2025-06-23,43.136192321777344
2025-06-24,43.79618835449219
2025-06-25,43.54007339477539
2025-06-26,44.17051696777344
2025-06-27,44.74644088745117
2025-06-30,44.84625244140625
2025-07-01,44.427032470703125
2025-07-02,44.68655014038086
2025-07-03,44.696529388427734
2025-07-07,44.696529388427734
2025-07-08,45.24551010131836
2025-07-09,45.89429473876953
2025-07-10,45.5150032043457
2025-07-11,45.025917053222656
2025-07-14,44.94606399536133
2025-07-15,44.3571662902832
2025-07-16,44.74644088745117
2025-07-17,45.025917053222656
2025-07-18,44.74644088745117
2025-07-21,45.07582473754883
2025-07-22,44.97601318359375
2025-07-23,45.89429473876953
2025-07-24,45.3353385925293
2025-07-25,45.36528396606445
2025-07-28,44.15753936767578
2025-07-29,44.41705322265625
2025-07-30,44.05772399902344
2025-07-31,43.57862091064453
2025-08-01,43.079551696777344
2025-08-04,43.708377838134766
2025-08-05,43.89802169799805
2025-08-06,44.33720016479492
2025-08-07,44.826290130615234
2025-08-08,44.81631088256836
2025-08-11,44.407073974609375
2025-08-12,44.77638244628906
2025-08-13,45.02092742919922
2025-08-14,45.22055435180664
2025-08-15,45.295413970947266
2025-08-18,45.16565704345703
2025-08-19,45.0858039855957
2025-08-20,44.97601318359375
2025-08-21,44.73645782470703
2025-08-22,45.34532165527344
2025-08-25,44.74644088745117
2025-08-26,44.826290130615234
2025-08-27,44.25735092163086
2025-08-28,44.60669708251953
2025-08-29,44.48692321777344
2025-09-02,43.668453216552734
2025-09-03,43.74830627441406
2025-09-04,44.14755630493164
2025-09-05,44.017799377441406
2025-09-08,44.50688552856445
2025-09-09,44.247371673583984
2025-09-10,43.87805938720703
2025-09-11,44.30725860595703
2025-09-12,44.17749786376953
2025-09-15,44.367149353027344
2025-09-16,44.0697021484375
2025-09-17,43.91798400878906
2025-09-18,44.34718322753906
2025-09-19,44.127593994140625
2025-09-22,44.19746398925781
2025-09-23,44.17749786376953
2025-09-24,44.12858963012695
2025-09-25,43.62852478027344
2025-09-26,44.15753936767578
2025-09-29,44.30725860595703
2025-09-30,44.666587829589844
2025-10-01,45.16565704345703
2025-10-02,45.564910888671875
2025-10-03,45.48505783081055
2025-10-06,45.49504089355469
2025-10-07,45.11175537109375
2025-10-08,45.466094970703125
2025-10-09,45.204586029052734
2025-10-10,44.584739685058594
2025-10-13,44.88518142700195
2025-10-14,44.77638244628906
2025-10-15,44.63664627075195
2025-10-16,44.716495513916016
2025-10-17,44.407073974609375
2025-10-20,44.966026306152344
2025-10-21,44.805328369140625
2025-10-22,44.48692321777344
2025-10-23,44.63165283203125
2025-10-24,44.68255615234375
2025-10-27,44.89715576171875
2025-10-28,44.80732345581055
2025-10-29,44.437015533447266
2025-10-30,44.199462890625
2025-10-31,43.87805938720703
2025-11-03,44.131587982177734
2025-11-04,43.508750915527344
2025-11-05,43.93295669555664
2025-11-06,43.49776840209961
2025-11-07,43.62553405761719
2025-11-10,44.21742630004883
2025-11-11,44.46196746826172
2025-11-12,45.00595474243164
2025-11-13,44.448997497558594
2025-11-14,44.017799377441406
2025-11-17,43.129459381103516
2025-11-18,42.59046173095703
2025-11-19,42.53556823730469
2025-11-20,41.95664978027344
2025-11-21,42.47268295288086
2025-11-24,42.51560592651367
2025-11-25,43.22927474975586
2025-11-26,43.66345977783203
2025-11-28,43.93196105957031
2025-12-01,43.43388748168945
2025-12-02,43.78822708129883
2025-12-03,44.02778244018555
2025-12-04,44.13657760620117
2025-12-05,44.407073974609375
2025-12-08,44.31724166870117
2025-12-09,44.50688552856445
2025-12-10,44.921112060546875
2025-12-11,45.47507858276367
2025-12-12,45.16565704345703
2025-12-15,45.135711669921875
2025-12-16,45.00096130371094
2025-12-17,44.567771911621094
2025-12-18,44.87619400024414
2025-12-19,45.07582473754883
2025-12-22,45.3353385925293
2025-12-23,45.500030517578125
2025-12-24,45.58986282348633
2025-12-26,45.69965744018555
2025-12-29,45.51700210571289
2025-12-30,45.869998931884766
2025-12-31,45.62099838256836
2026-01-02,45.790000915527344
2026-01-05,46.310001373291016
2026-01-06,46.349998474121094
2026-01-07,46.61000061035156
2026-01-08,46.619998931884766
2026-01-09,46.77000045776367
2026-01-12,47.189998626708984
2026-01-13,47.0099983215332
2026-01-14,46.86000061035156
2026-01-15,46.56999969482422
2026-01-16,46.68000030517578
2026-01-20,45.75
2026-01-21,46.099998474121094
2026-01-22,46.349998474121094
2026-01-23,46.77000045776367
2026-01-26,47.099998474121094
2026-01-27,47.52000045776367
2026-01-28,47.20000076293945
2026-01-29,46.5
2026-01-30,46.09000015258789
2026-02-02,46.55799865722656
2026-02-03,46.518001556396484
2026-02-04,46.130001068115234
2026-02-05,45.775001525878906
2026-02-06,46.52799987792969
2026-02-09,47.40999984741211
2026-02-10,47.220001220703125
2026-02-11,46.9900016784668
2026-02-12,46.900001525878906
2026-02-13,47.01499938964844
2026-02-17,47.1150016784668
2026-02-18,47.2130012512207
2026-02-19,46.77000045776367
2026-02-20,47.279998779296875
2026-02-23,46.75
2026-02-24,46.810001373291016
2026-02-25,47.24399948120117
2026-02-26,47.470001220703125
2026-02-27,47.290000915527344
2026-03-02,45.66999816894531
2026-03-03,44.25
2026-03-04,44.80400085449219
2026-03-05,43.84400177001953
2026-03-06,43.4630012512207
2026-03-09,43.810001373291016
2026-03-10,43.86000061035156
2026-03-11,43.505001068115234
2026-03-12,43.02000045776367
2026-03-13,42.36000061035156
2026-03-16,43.02000045776367
2026-03-17,43.39500045776367
2026-03-18,42.40399932861328
2026-03-19,42.22999954223633
2026-03-20,40.66999816894531
2026-03-23,41.939998626708984
2026-03-24,41.459999084472656
2026-03-25,42.0
2026-03-26,41.16999816894531
2026-03-27,40.47800064086914
2026-03-30,40.709999084472656
2026-03-31,42.15999984741211
2026-04-01,42.77000045776367
2026-04-02,42.41999816894531
2026-04-06,42.75
2026-04-07,42.61000061035156
2026-04-08,44.439998626708984
2026-04-09,44.25
2026-04-10,44.20000076293945
2026-04-13,44.60599899291992
2026-04-14,44.93000030517578
2026-04-15,45.08000183105469
2026-04-16,44.98500061035156
2026-04-17,45.970001220703125
2026-04-20,45.540000915527344
2026-04-21,44.75
2026-04-22,44.90299987792969
2026-04-23,44.564998626708984
2026-04-24,45.0260009765625
2026-04-27,44.763999938964844
2026-04-28,44.439998626708984
2026-04-29,44.064998626708984
2026-04-30,45.25
2026-05-01,45.152000427246094
